id,date,day,week,pillar,format,lang,title,hook,occasion,sound,video,duration,on_screen,caption,hashtags,ugc_creator,ugc_shots,ugc_voiceover,ugc_app_moment,notes
D01,2026-10-12,Mon,1,Daily Jaap habit,motion,hi,Navratri 9-day jaap sankalp,नवरात्रि के 9 दिन। रोज़ एक माला?,Sharad Navratri (11–19 Oct),conch,out/calendar/D01_2026-10-12_navratri_9_din.mp4,19.4,नवरात्रि के 9 दिन। रोज़ एक माला? / माँ के नाम हर दिन 108 बार। / 9 दिन का संकल्प / गिनती ऐप पर छोड़ दें। मन माँ में लगाएँ। / जय माता दी।,"नवरात्रि के 9 दिन, रोज़ एक माला। गिनती फ़ोन पर छोड़ दें, मन माँ में लगाएँ। कमेंट में ""जय माता दी"" लिखें और साथ जुड़ें।",#नवरात्रि #जयमातादी #navratri2026 #नामजप #जपमाला #भक्ति #साधना #राधेराधे #naamjaap,,,,,
D02,2026-10-13,Tue,1,Hook/curiosity,motion,en,Why 108 beads?,Why does a mala have 108 beads?,,bowl,out/calendar/D02_2026-10-13_why_108.mp4,19.2,"Why does a mala have 108 beads? / A few traditional answers / 108 / One tap, one bead. Never lose your place. / Which answer did you grow up with?",Every tradition has its own answer to 108. Which one did you learn at home?,#why108 #naamjaap #japamala #mantra #bhakti #sadhana #108,,,,,
D03,2026-10-14,Wed,1,Spiritual/emotional,ugc,hi,Grandmother's mala,यह माला मेरी दादी की है।,,temple,,25–35s,,"उनकी माला, मेरी साधना। आपके घर में किसकी माला है?",#दादी #यादें #नामजप #जपमाला #भक्ति #साधना #राधेराधे #naamjaap,"Ananya type: 20s woman, Delhi, Hindi + English, aesthetic puja-corner and morning-routine creator","ECU: पुरानी तुलसी माला हथेली में, अंगूठा मनकों पर (हुक बोलें) | MS: दादी की फ़ोटो के पास दीया जलाना | CU: माला फेरते हुए होंठों पर धीमे से ""राधे राधे"" | OTS: गोद में दादी की माला, हाथ में फ़ोन पर जापमित्र, एक टैप | WS: आँखें बंद, हल्की मुस्कान, दीये की लौ","यह माला मेरी दादी की है। वो रोज़ सुबह 11 माला करती थीं, एक भी दिन छोड़े बिना। अब मैं करती हूँ, उनकी माला के साथ। गिनती फ़ोन पर रहती है, ताकि मन बस नाम पर रहे। दादी, आप आज भी साथ हैं।","शॉट 4: 2 सेकंड, फ़ोन पर काउंटर दिखे। ऐप का नाम न बोलें।",
D04,2026-10-15,Thu,1,App demonstration,motion,en,Blackout mode,Chant with your eyes closed?,,night,out/calendar/D04_2026-10-15_blackout_eyes_closed.mp4,15.2,Chant with your eyes closed? / Blackout mode. Pure black screen. / A gentle buzz on every bead. / Nothing lights the room. Only the Naam.,"Pure black screen, a soft buzz on every bead. Chant at night without lighting up the room.",#nightchanting #blackoutmode #naamjaap #japamala #mantra #bhakti #sadhana #108,,,,,
D05,2026-10-16,Fri,1,Mantra-specific,motion,hi,Om Dum Durgayei Namah,नवरात्रि का बीज मंत्र: ॐ दुं दुर्गायै नमः,Sharad Navratri,conch,out/calendar/D05_2026-10-16_om_dum_durgayei.mp4,22.6,"नवरात्रि का बीज मंत्र / ॐ दुं दुर्गायै नमः / अपना मंत्र जोड़ें, किसी भी लिपि में। / और 108 बार बिना गिने जपें। / जय माँ दुर्गा।",नवरात्रि में माँ दुर्गा का बीज मंत्र। ऐप में अपना मंत्र जोड़ें और 108 बार जप करें।,#दुर्गा #नवरात्रि #बीजमंत्र #नामजप #जपमाला #भक्ति #साधना #राधेराधे #naamjaap,,,,,
D06,2026-10-17,Sat,1,Spiritual/emotional,ugc,en,POV: first mala of Navratri morning,"POV: 5:30am, Navratri, first mala of the day.",,temple,,15–20s,,"The house is still asleep. Just me, Maa and 108 names.",#navratri #morningroutine #naamjaap #japamala #mantra #bhakti #sadhana #108,"Ananya type: 20s woman, Delhi, Hindi + English, aesthetic puja-corner and morning-routine creator","WS: alarm off at 5:30, window still blue | CU: lighting the diya, flame catches | Top shot: hand on phone screen tapping, mala beside it | CU: lips moving softly, eyes closed | End: counter hits 108, small smile, folds hands",(No VO. Text on screen only.),Top shot of the counter filling (3s); the 108 completion glow is the payoff.,
D07,2026-10-18,Sun,1,Hook/curiosity,motion,hi,Where does the mind run during jaap?,जप करते समय आपका मन कहाँ भागता है?,,bowl,out/calendar/D07_2026-10-18_man_kahan_bhagta.mp4,19.4,"जप करते समय मन कहाँ भागता है? / अक्सर यहाँ… / भटकना स्वाभाविक है। लौट आना ही साधना है। / कम से कम गिनती की चिंता छोड़ें। / मन लौटे, नाम पर।",भटकना स्वाभाविक है। लौट आना ही साधना है। आपका मन कहाँ भागता है? कमेंट करें।,#मन #ध्यान #नामजप #जपमाला #भक्ति #साधना #राधेराधे #naamjaap,,,,,
D08,2026-10-19,Mon,2,Daily Jaap habit,motion,en,Navratri ends. Don't let the practice end.,Navratri ends tomorrow. Your practice doesn't have to.,,temple,out/calendar/D08_2026-10-19_navratri_ends_keep_going.mp4,18.8,Navratri ends tomorrow. Your practice doesn't. / 9 days done / Day 10 is where a habit begins. / Keep the streak going. / One mala a day. That is enough.,Nine days built the habit. Day 10 keeps it. Keep your streak going after Navratri.,#navratri #streak #naamjaap #japamala #mantra #bhakti #sadhana #108,,,,,
D09,2026-10-20,Tue,2,Mantra-specific,motion,hi,Dussehra: Shri Ram Jai Ram,विजयादशमी पर 13 अक्षरों का मंत्र,Dussehra 20 Oct,conch,out/calendar/D09_2026-10-20_dussehra_shri_ram_jai_ram.mp4,21.2,विजयादशमी पर 13 अक्षरों का मंत्र / श्री राम जय राम जय जय राम / कलियुग केवल नाम अधारा। सुमिरि सुमिरि नर उतरहिं पारा॥ / आज 108 बार। / जय श्री राम।,"विजयादशमी की शुभकामनाएँ। ""कलियुग केवल नाम अधारा।"" आज 108 बार: श्री राम जय राम जय जय राम।",#दशहरा #विजयादशमी #जयश्रीराम #नामजप #जपमाला #भक्ति #साधना #राधेराधे #naamjaap,,,,,
D10,2026-10-21,Wed,2,Spiritual/emotional,ugc,hi,What I did on a bad day,आज का दिन बहुत भारी था। फिर मैंने यह किया।,,temple,,25–30s,,हर दिन अच्छा नहीं होता। पर एक माला हमेशा साथ होती है।,#मनकीबात #नामजप #जपमाला #भक्ति #साधना #राधेराधे #naamjaap,"Rohit type: early-30s working professional, Mumbai, Hinglish, commute/office life","CU: थका हुआ चेहरा, टाई ढीली करते हुए (हुक) | MS: फ़ोन पर नोटिफ़िकेशन, उसे उल्टा रख देना | CU: पुरानी माला दराज़ से निकालना | Top shot: फ़ोन पर जापमित्र, अंधकार मोड, धीमे टैप | WS: 10 मिनट बाद, कंधे ढीले, लंबी साँस","आज का दिन बहुत भारी था। मीटिंग, ट्रैफ़िक, बहस। घर आकर मैंने कुछ नहीं सोचा, बस एक माला की। 108 बार ""राम""। समस्याएँ वहीं थीं, पर मैं थोड़ा शांत था। बस इतना ही चाहिए था।","अंधकार मोड वाला टॉप शॉट, 3 सेकंड।",
D11,2026-10-22,Thu,2,App demonstration,motion,en,21 mantras or your own,21 sacred mantras. Or your own.,,chimes,out/calendar/D11_2026-10-22_mantra_library_paths.mp4,21.8,"Every mantra is a path. / As many faiths, so many paths. / 21 sacred mantras built in. / Or add your own, in any script. / Your mantra. Your path.","Ram, Radha, Om Namah Shivaya, Waheguru, Gayatri, Maha Mantra… or add yours in any script.",#mantras #naamjaap #japamala #mantra #bhakti #sadhana #108,,,,,
D12,2026-10-23,Fri,2,Family/older audience,ugc,hi,Teaching Papa the app,पापा को जप ऐप चलाना सिखाया…,,temple,,25–40s,,"पापा कहते थे ""मोबाइल में भगवान?"" अब रोज़ सुबह उनका पहला टैप वही होता है।",#पापा #परिवार #नामजप #जपमाला #भक्ति #साधना #राधेराधे #naamjaap,"Sharma family type: three generations, Jaipur, Hindi, joint-family home","MS: बेटा/बेटी फ़ोन पकड़ाते हुए, पापा शक भरी नज़र (हुक) | CU: ""बस कहीं भी टैप करो, पापा"" | CU: पापा का पहला टैप, स्क्रीन पर मनका भरता है | MS: पापा मुस्कुराते हुए ""अरे, खुद गिन रहा है!"" | WS (अगली सुबह): पापा अकेले बालकनी में, फ़ोन और माला","बेटा: ""पापा, बस कहीं भी टैप करो।"" पापा: ""मोबाइल में माला?"" … (108 पूरे होने पर) पापा: ""अरे, ये तो खुद गिन रहा है। अब गिनती की गड़बड़ नहीं।""",शॉट 3–4: असली प्रतिक्रिया ही असली विज्ञापन है।,
D13,2026-10-24,Sat,2,Daily Jaap habit,ugc,en,30 days of one mala a day,I chanted one mala a day for 30 days. Honest results.,,temple,,30–45s,,"No miracles, just a quieter mind and a habit I actually kept.",#30daychallenge #habit #naamjaap #japamala #mantra #bhakti #sadhana #108,"Swati type: mid-30s yoga/meditation teacher, Bengaluru/Rishikesh, English","CU: progress screen showing a 30-day streak (hook) | Talking head: three honest changes, counted on fingers | B-roll: chai, mala, tapping the counter | CU: journal page with ""Day 30"" written | End: looking at camera, ""start with one mala""","I chanted one mala a day for 30 days. Honest results. One: I stopped reaching for my phone first thing. Two: the 8 minutes became the calmest part of my day. Three: I missed one day, and the grace day saved my streak. No miracles, just a habit I kept. Start with one mala.",Open on the real streak screen (2s); mention grace days naturally.,
D14,2026-10-25,Sun,2,Hook/curiosity,motion,hi,Sharad Purnima: who is awake?,"आज रात लक्ष्मी जी पूछती हैं: ""को जागर्ति?""",Sharad Purnima 25 Oct,night,out/calendar/D14_2026-10-25_sharad_purnima_kojagari.mp4,18.0,"आज रात पूछा जाता है: ""को जागर्ति?"" / यानी ""कौन जाग रहा है?"" / चाँदनी में बैठें, एक माला करें। / अंधकार मोड: चाँदनी ही रोशनी। / आज रात आप जागिए।","शरद पूर्णिमा को कोजागरी भी कहते हैं, यानी ""कौन जाग रहा है?"" आज चाँदनी में एक माला।",#शरदपूर्णिमा #कोजागरी #लक्ष्मी #नामजप #जपमाला #भक्ति #साधना #राधेराधे #naamjaap,,,,,
D15,2026-10-26,Mon,3,Daily Jaap habit,motion,en,Start with one mala,The smallest sadhana that actually lasts.,,bowl,out/calendar/D15_2026-10-26_start_with_one_mala.mp4,19.2,The smallest sadhana that actually lasts. / The rule / 8 min / Tap anywhere. Close your eyes. / Small. Daily. Forever.,Same time. Same place. One mala. Make it too easy to skip skipping.,#habits #morningroutine #naamjaap #japamala #mantra #bhakti #sadhana #108,,,,,
D16,2026-10-27,Tue,3,Hook/curiosity,motion,en,3 traditional mala rules,3 mala rules your grandmother knew.,,temple,out/calendar/D16_2026-10-27_mala_rules.mp4,19.4,3 mala rules your Nani knew. / Taught in many homes / Traditions differ. The intention is the same. / No mala today? Your phone counts. / Which rule did you grow up with?,Traditions vary by sampradaya. Which of these were you taught?,#japamala #tradition #naamjaap #japamala #mantra #bhakti #sadhana #108,,,,,"Phrase as tradition, not rules everyone must follow."
D17,2026-10-28,Wed,3,Spiritual/emotional,ugc,hi,5am jaap routine,"सुबह 5 बजे का जप, बिना फ़िल्टर।",,temple,,20–30s,,"ब्रह्म मुहूर्त, गरम पानी, एक दीया और 108 नाम। आपका जप कब होता है?",#ब्रह्ममुहूर्त #सुबह #नामजप #जपमाला #भक्ति #साधना #राधेराधे #naamjaap,"Arjun type: 19–21 student, Pune/Kota, Hindi + Marathi, exams and hostel life","घड़ी 4:58 (हुक टेक्स्ट) | चेहरे पर पानी, शॉल ओढ़ना | छोटा दीया, फ़ोटो फ़्रेम | फ़ोन पर टैप, आँखें बंद, 3 सेकंड | खिड़की से पहली रोशनी",(बिना VO। सिर्फ़ टेक्स्ट और प्राकृतिक आवाज़ें।),टैप वाला शॉट: स्क्रीन पर मनके भरते दिखें।,
D18,2026-10-29,Thu,3,Family/older audience,ugc,hi,Karwa Chauth: waiting for the moon,चाँद का इंतज़ार… नाम जप के साथ।,Karwa Chauth 29 Oct,temple,,20–30s,,"करवा चौथ की शाम: व्रत, इंतज़ार और 108 बार नाम। सभी व्रतियों को शुभकामनाएँ।",#करवाचौथ #चाँद #नामजप #जपमाला #भक्ति #साधना #राधेराधे #naamjaap,"Sharma family type: three generations, Jaipur, Hindi, joint-family home","WS: छत पर सजी थाली, आसमान की ओर देखती महिलाएँ (हुक) | CU: मेहंदी लगे हाथ फ़ोन पर टैप | MS: सास-बहू साथ बैठकर जप | CU: चाँद निकलता है (या छलनी से) | MS: मुस्कान, प्रणाम","हर साल चाँद का इंतज़ार लंबा लगता था। इस बार हमने इंतज़ार को जप बना दिया। सास और मैं, साथ में, 108 बार।","मेहंदी वाले हाथ और स्क्रीन, 2 सेकंड।",
D19,2026-10-30,Fri,3,Mantra-specific,motion,en,Om Namah Shivaya: five syllables,Om Namah Shivaya has 5 syllables. Each is said to stand for something.,,om,out/calendar/D19_2026-10-30_om_namah_shivaya_5.mp4,20.8,"5 syllables. 5 elements. / ॐ नमः शिवाय / One traditional reading / 108 times, no counting stress. / Har Har Mahadev.","Na-Ma-Shi-Va-Ya, the Panchakshara. One traditional reading links the syllables to the five elements.",#omnamahshivaya #mahadev #panchakshara #naamjaap #japamala #mantra #bhakti #sadhana #108,,,,,"Interpretations vary across Shaiva traditions; keep ""one traditional reading""."
D20,2026-10-31,Sat,3,Spiritual/emotional,ugc,en,I chant on the metro,Nobody on this train knows I am chanting.,,temple,,15–25s,,"A packed metro, earphones in, 108 Ram naam. Your commute can be your temple.",#mumbailocal #commute #naamjaap #japamala #mantra #bhakti #sadhana #108,"Rohit type: early-30s working professional, Mumbai, Hinglish, commute/office life","POV crowded coach (hook text) | CU: thumb tapping phone at side, screen dimmed | CU: lips barely moving | Window: city rushing by | Station arrives: counter at 108, small nod","(Text only.) Optional VO: ""Two stops, one mala. Nobody knows. That's the point.""","Mention Blackout mode / volume buttons in caption, not on screen.",
D21,2026-11-01,Sun,3,Daily Jaap habit,motion,hi,21-day sankalp,21 दिन। एक संकल्प। रोज़ 108।,,temple,out/calendar/D21_2026-11-01_sankalp_21_din.mp4,19.8,"21 दिन। एक संकल्प। / एक इरादा चुनें। उसे मन में रखें। / रोज़ 108 बार / संकल्प लें, हर दिन निभाएँ। / आज से दिन 1।","एक इरादा चुनें, उसे मन में रखें और 21 दिन रोज़ 108 बार जप करें। संकल्प मन को एक दिशा देता है।",#संकल्प #21दिन #नामजप #जपमाला #भक्ति #साधना #राधेराधे #naamjaap,,,,,
D22,2026-11-02,Mon,4,Hook/curiosity,motion,en,Manifest with a Sankalp,Forget vision boards. Try a Sankalp.,,bowl,out/calendar/D22_2026-11-02_manifest_sankalp.mp4,19.8,Forget vision boards. Try a Sankalp. / The old way to manifest / Intention + repetition = a focused mind. / Track every day of your Sankalp. / What is your Sankalp?,"Manifesting, the old way: one clear intention, one mantra, 108 times a day, 21 days. Write yours below.",#manifestation #sankalp #naamjaap #japamala #mantra #bhakti #sadhana #108,,,,,"Frame as focus and intention; never promise money, love or health outcomes."
D23,2026-11-03,Tue,4,App demonstration,motion,hi,Progress & streaks,आपने इस हफ़्ते कितना जप किया?,,bowl,out/calendar/D23_2026-11-03_pragati_dekhen.mp4,15.2,"इस हफ़्ते आपने कितना जप किया? / अपनी साधना को बढ़ते देखें। / लय टूटने का डर? छूट के दिन साथ हैं। / हर दिन, थोड़ा और।","दैनिक, साप्ताहिक, मासिक और वार्षिक: अपनी साधना को बढ़ते देखें।",#प्रगति #नामजप #जपमाला #भक्ति #साधना #राधेराधे #naamjaap,,,,,
D24,2026-11-04,Wed,4,Spiritual/emotional,ugc,en,Diwali puja-room clean-up,"Cleaning my puja room before Diwali, and finding this.",,temple,,25–35s,,Every Diwali I find something in the puja room I had forgotten. This year: my first mala.,#diwali2026 #pujaroom #naamjaap #japamala #mantra #bhakti #sadhana #108,"Meenakshi type: mother in her 40s, Chennai, Tamil + English, home and family","Fast clean-up montage (hook) | CU: finding an old sandalwood mala in a drawer | Talking head: who gave it to her | Polishing brass diya, kolam | End: chanting with old mala, phone counting beside her","Every year before Diwali I clean the puja room, and every year I find something. This year it was my first mala, from my mother. It needs restringing. Until then, I chant with this, and let the phone keep count.","Last shot: phone on the floor beside the brass lamp, counter visible.",
D25,2026-11-05,Thu,4,Daily Jaap habit,motion,en,Diwali week: protect your streak,Diwali week will try to break your streak.,Diwali week,temple,out/calendar/D25_2026-11-05_diwali_streak.mp4,16.0,Diwali week will try to break your streak. / Busy-day plan / Missed a day? Grace days have you. / Light the diya. Keep the streak.,"Guests, shopping, sweets, cleaning. Even one mala keeps the streak alive, and grace days cover a missed day.",#diwali #streak #naamjaap #japamala #mantra #bhakti #sadhana #108,,,,,
D26,2026-11-06,Fri,4,Mantra-specific,motion,hi,Dhanteras: Mahalakshmi mantra,"धनतेरस पर लक्ष्मी जी का मंत्र, 108 बार।",Dhanteras 6 Nov,temple,out/calendar/D26_2026-11-06_dhanteras_lakshmi.mp4,16.4,धनतेरस पर लक्ष्मी जी का मंत्र / ॐ श्री महालक्ष्म्यै नमः / आज 108 बार। / शुभ धनतेरस।,"धनतेरस की शुभकामनाएँ। ॐ श्री महालक्ष्म्यै नमः, आज 108 बार। असली धन मन की शांति है।",#धनतेरस #लक्ष्मी #दीपावली #नामजप #जपमाला #भक्ति #साधना #राधेराधे #naamjaap,,,,,
D27,2026-11-07,Sat,4,Family/older audience,ugc,hi,Dadi and granddaughter chant together,"दादी माला पर, मैं फ़ोन पर। देखते हैं पहले कौन 108 पूरे करता है।",,temple,,30–40s,,"एक तरफ़ 60 साल पुरानी आदत, दूसरी तरफ़ नई। नाम वही।",#दादीपोती #दिवाली #नामजप #जपमाला #भक्ति #साधना #राधेराधे #naamjaap,"Kamla Devi type: grandmother, 65–75, Varanasi or Prayagraj, Hindi, warm and unscripted + granddaughter (10–16)","WS: दोनों आमने-सामने बैठी (हुक टेक्स्ट) | CU: दादी की उँगलियाँ माला पर | CU: पोती का अंगूठा फ़ोन पर | MS: दादी चुपके से फ़ोन में झाँकती हैं | End: दोनों एक साथ ""राधे राधे"", हँसी","पोती: ""दादी, रेस?"" दादी: ""जप में रेस नहीं होती, बेटा।"" (अंत में) दादी: ""पर तेरी मशीन अच्छी है… मुझे भी सिखा।""",दादी का फ़ोन में झाँकना ही ऐप का प्राकृतिक क्षण है।,
D28,2026-11-08,Sun,4,Spiritual/emotional,motion,en,Diwali: the diya at the door of the tongue,"This Diwali, light one more diya, at the door of your tongue.",Diwali 8 Nov,temple,out/calendar/D28_2026-11-08_diwali_tulsidas_manideep.mp4,19.8,"This Diwali, light one more diya. / राम नाम मनिदीप धरु जीह देहरीं द्वार। / Light inside, light outside. / 108 lamps of Naam tonight. / Shubh Deepavali.","Tulsidas: keep the jewel-lamp of Ram naam at the threshold of your tongue, and there is light within and without. Shubh Deepavali.",#diwali #tulsidas #ramnaam #naamjaap #japamala #mantra #bhakti #sadhana #108,,,,,
D29,2026-11-09,Mon,5,Daily Jaap habit,motion,hi,Back on track after Diwali,दिवाली के बाद साधना की लय टूट गई?,,bowl,out/calendar/D29_2026-11-09_diwali_ke_baad.mp4,17.2,"दिवाली के बाद लय टूट गई? / कोई बात नहीं। आज फिर से शुरू। / 1 / गिनती की चिंता नहीं। / फिर से, दिन 1।","मिठाई, मेहमान, थकान, सब ठीक है। आज बस एक माला से फिर शुरू करें।",#दिवाली #नामजप #जपमाला #भक्ति #साधना #राधेराधे #naamjaap,,,,,
D30,2026-11-10,Tue,5,Hook/curiosity,motion,hi,Govardhan: 7 days on one finger,कृष्ण ने 7 दिन तक पर्वत उठाए रखा। और हम?,Govardhan Puja 10 Nov,conch,out/calendar/D30_2026-11-10_govardhan_7_din.mp4,17.2,"7 दिन, एक उँगली पर पूरा पर्वत। / अडिग रहना ही भक्ति है। / 108 / हरे कृष्ण, 108 बार। / जय गिरिराज धरण।","गोवर्धन पूजा की शुभकामनाएँ। 7 दिन, एक उँगली, अडिग विश्वास। हम एक माला तो रोज़ कर सकते हैं।",#गोवर्धनपूजा #कृष्ण #हरेकृष्ण #नामजप #जपमाला #भक्ति #साधना #राधेराधे #naamjaap,,,,,
D31,2026-11-11,Wed,5,Family/older audience,ugc,hi,Bhai Dooj: 108 for my sister,"इस भाई दूज, मैंने बहन के लिए 108 बार जप किया।",Bhai Dooj 11 Nov,temple,,25–35s,,"तिलक, मिठाई… और इस बार एक माला, बहन के नाम।",#भाईदूज #भाईबहन #नामजप #जपमाला #भक्ति #साधना #राधेराधे #naamjaap,"Arjun type: 19–21 student, Pune/Kota, Hindi + Marathi, exams and hostel life + elder sister","CU: तिलक लगते हुए (हुक टेक्स्ट) | MS: भाई चुपचाप फ़ोन पर जप कर रहा है | CU: स्क्रीन 108 पर पहुँचती है | MS: बहन को स्क्रीन दिखाना, ""तेरे लिए"" | CU: बहन भावुक, हँसकर गले लगना",हर साल बहन मेरे लिए दुआ करती है। इस बार मैंने उसके लिए किया। 108 बार।,स्क्रीन दिखाने वाला पल ही payoff है।,
D32,2026-11-12,Thu,5,App demonstration,motion,en,Auto Jaap: hands-free,What if the beads moved for you?,,bowl,out/calendar/D32_2026-11-12_auto_jaap.mp4,15.2,What if the beads moved for you? / Auto Jaap. A steady pace you choose. / Hands free. Heart full. / Just chant along.,"Auto Jaap counts at a steady pace you choose, from 1 second a bead. Chant along, hands free.",#autojaap #naamjaap #japamala #mantra #bhakti #sadhana #108,,,,,
D33,2026-11-13,Fri,5,Hook/curiosity,motion,en,Bead 54,Something happens at bead 54.,,bowl,out/calendar/D33_2026-11-13_bead_54.mp4,17.8,Something happens at bead 54. / 54 / Notice it. Smile. Come back. / You don't lose your place. The count waits. / Coming back is the practice.,"Halfway is where the mind usually wanders. Notice, smile, come back. That is the practice.",#mindfulness #naamjaap #japamala #mantra #bhakti #sadhana #108,,,,,
D34,2026-11-14,Sat,5,Spiritual/emotional,ugc,en,Chanting while my baby sleeps,My baby finally fell asleep. This is my 10 minutes.,,temple,,15–25s,,"New-mom sadhana: a dark room, a sleeping baby, 108 whispered names.",#newmom #motherhood #naamjaap #japamala #mantra #bhakti #sadhana #108,"Priya type: new mother, late 20s, Ahmedabad, Gujarati + Hindi","CU: tiny hand curled around finger (hook) | MS: tiptoe away from crib | CU: phone in Blackout mode, thumb tapping | CU: whisper ""Shree Krishna"" | End: text over dark frame","(Whisper) ""Shree Krishna Sharanam Mamah""… (text only otherwise)",Blackout screen in the dark: show the pure-black screen and the dim count.,
D35,2026-11-15,Sun,5,Spiritual/emotional,motion,hi,Kabir: turn the bead of the mind,"माला फेरत जुग भया, फिरा न मन का फेर।",,om,out/calendar/D35_2026-11-15_kabir_man_ka_manka.mp4,20.6,"500 साल पहले कबीर ने कहा था… / माला फेरत जुग भया, फिरा न मन का फेर। कर का मनका डार दे, मन का मनका फेर॥ / गिनती हाथ पर छोड़ें, मन नाम में डुबोएँ। / कहीं भी टैप करें, मन भीतर रखें। / मन का मनका फेरें।","कबीर कहते हैं: हाथ का मनका छोड़ो, मन का मनका फेरो। गिनती फ़ोन संभाल ले, मन नाम में डूबे।",#कबीर #दोहा #संतवाणी #नामजप #जपमाला #भक्ति #साधना #राधेराधे #naamjaap,,,,,
D36,2026-11-16,Mon,6,Daily Jaap habit,motion,en,Habit stacking: chai + mala,You already have a habit you never miss. Attach jaap to it.,,bowl,out/calendar/D36_2026-11-16_chai_plus_mala.mp4,18.8,"You never miss your morning chai. / So attach one mala to it. / Stack it / Same time, every day. / What will you stack it with?","Habit stacking: after the first sip of chai, one mala. What will you stack it with?",#habitstacking #chai #naamjaap #japamala #mantra #bhakti #sadhana #108,,,,,
D37,2026-11-17,Tue,6,Hook/curiosity,motion,hi,"Why 108, not 100?",108 ही क्यों? 100 क्यों नहीं?,,bowl,out/calendar/D37_2026-11-17_kyun_108_100_nahi.mp4,18.6,"108 ही क्यों? 100 क्यों नहीं? / परंपरा में कहा जाता है / 108 / एक टैप, एक मनका। / आपने घर में क्या सुना है?",परंपरा में 108 के कई अर्थ बताए जाते हैं। आपने घर में क्या सुना है?,#108 #रहस्य #नामजप #जपमाला #भक्ति #साधना #राधेराधे #naamjaap,,,,,"Sun distance ≈ 107.6 sun diameters: keep ""≈""."
D38,2026-11-18,Wed,6,Spiritual/emotional,ugc,hi,Chanting my mother's mantra,यह मंत्र माँ रोज़ गाती थीं। अब मैं गाती हूँ।,,temple,,25–35s,,"कुछ आवाज़ें चली जाती हैं, पर नाम रह जाता है। आपके घर का मंत्र कौन-सा है?",#माँ #यादें #नामजप #जपमाला #भक्ति #साधना #राधेराधे #naamjaap,"Meenakshi type: mother in her 40s, Chennai, Tamil + English, home and family (or any 40s woman, Hindi)","CU: माँ की फ़ोटो पर माला (हुक) | MS: वही बर्तन, वही रसोई, धीरे से गुनगुनाना | CU: माँ की हस्तलिखित डायरी में मंत्र | CU: फ़ोन पर वही मंत्र जोड़ना (अपना मंत्र) | WS: आँखें बंद, जप","यह मंत्र माँ रोज़ सुबह रसोई में गाती थीं। अब वो नहीं हैं, पर मंत्र है। मैंने उनकी डायरी से इसे अपने फ़ोन में लिखा। अब हर सुबह 108 बार, उनके लिए।","डायरी से फ़ोन में मंत्र टाइप करना: ""अपना मंत्र जोड़ें"" का भावुक डेमो।",
D39,2026-11-19,Thu,6,App demonstration,motion,hi,Blackout mode (Hindi),रात को जप करते समय फ़ोन की रोशनी चुभती है?,,night,out/calendar/D39_2026-11-19_andhkar_mode.mp4,15.2,"रात में फ़ोन की रोशनी चुभती है? / अंधकार मोड। पूरी काली स्क्रीन। / हर मनके पर हल्का कंपन। / आँखें बंद, गिनती चालू।","अंधकार मोड: पूरी काली स्क्रीन, हर मनके पर हल्का कंपन। आँखें बंद, गिनती चालू।",#अंधकारमोड #रात #नामजप #जपमाला #भक्ति #साधना #राधेराधे #naamjaap,,,,,
D40,2026-11-20,Fri,6,Family/older audience,ugc,en,72-year-old Nani tries a jaap app,My 72-year-old Nani tried a jaap app for the first time.,,temple,,25–40s,,"Big text, tap anywhere, and the first thing she said was…",#nani #grandparents #naamjaap #japamala #mantra #bhakti #sadhana #108,"Kamla Devi type: grandmother, 65–75, Varanasi or Prayagraj, Hindi, warm and unscripted (filmed by grandchild, English captions)","CU: Nani squinting at phone (hook) | Grandchild: ""Just tap anywhere, Nani"" | CU: first tap, bead fills, Nani laughs | MS: chanting confidently, phone on lap | End: Nani to camera, one line in Hindi with subtitles","Nani (Hindi, subtitled): ""Isme toh galti hi nahi hoti… ab main 11 mala karungi."" (""You can’t make a mistake on this… now I’ll do 11 malas."")",Her first tap and laugh: unscripted is key.,
D41,2026-11-21,Sat,6,Spiritual/emotional,ugc,en,A day of chanting in Vrindavan,"24 hours in Vrindavan, counting every Radhe Radhe.",,temple,,30–45s,,Every street says Radhe Radhe. I tried to count mine for a day.,#vrindavan #radheradhe #naamjaap #japamala #mantra #bhakti #sadhana #108,"Braj couple type: young Krishna-devotee couple, Vrindavan/Mathura, Hindi, kirtan and seva","Hook text over lane with ""Radhe Radhe"" painted walls | Greeting shopkeepers ""Radhe Radhe"" | Ghat at sunset, phone counting | Evening aarti outside temple | End: total count on progress screen","In Vrindavan, every hello is ""Radhe Radhe"". So I counted mine for a day. Morning chanting, the parikrama, every greeting. Final count 👇",Final reveal of the day’s total on the progress screen.,
D42,2026-11-22,Sun,6,Daily Jaap habit,motion,en,Your first 7 days,The first 7 days are the hardest. Then it becomes yours.,,chimes,out/calendar/D42_2026-11-22_first_7_days.mp4,18.8,"The first 7 days are the hardest. / Your first week / After that, it becomes yours. / Watch the streak grow. / Start your Day 1 today.","Day 1 feels like effort, day 7 feels like home. Tick off your first week.",#7days #habit #naamjaap #japamala #mantra #bhakti #sadhana #108,,,,,
D43,2026-11-23,Mon,7,Hook/curiosity,motion,en,Japa vs meditation,Japa vs meditation: what is the difference?,,bowl,out/calendar/D43_2026-11-23_japa_vs_meditation.mp4,18.8,Japa vs meditation: what is the difference? / Japa / Japa gives the mind something sacred to hold. / Let the counting hold itself. / Which do you practise?,Meditation steadies the mind on its own; japa gives it a sacred word to hold. Which one do you practise?,#meditation #japa #naamjaap #japamala #mantra #bhakti #sadhana #108,,,,,
D44,2026-11-24,Tue,7,Mantra-specific,motion,hi,Guru Nanak Jayanti: Waheguru,"नाम जपो, किरत करो, वंड छको।",Guru Nanak Jayanti 24 Nov,chimes,out/calendar/D44_2026-11-24_guru_nanak_waheguru.mp4,20.8,"गुरु नानक देव जी की तीन सीख / नाम जपो · किरत करो · वंड छको / ਵਾਹਿਗੁਰੂ / नाम सिमरन, हर सांस के साथ। / वाहेगुरु जी का खालसा, वाहेगुरु जी की फ़तेह।","गुरु नानक देव जी के प्रकाश पर्व की लख-लख बधाइयाँ। नाम जपो, किरत करो, वंड छको। वाहेगुरु।",#गुरुनानकजयंती #वाहेगुरु #gurpurab #नामजप #जपमाला #भक्ति #साधना #राधेराधे #naamjaap,,,,,Sikh content: no temple bell/conch; chimes palette only. Have a Sikh reviewer check the copy.
D45,2026-11-25,Wed,7,Spiritual/emotional,ugc,en,A saint’s line before exams,One line from Kabir I read before every exam.,,temple,,25–35s,,"""Dukh mein sumiran sab kare…"" Chant when it is easy, and the hard days get lighter.",#exams #kabir #studentlife #naamjaap #japamala #mantra #bhakti #sadhana #108,"Arjun type: 19–21 student, Pune/Kota, Hindi + Marathi, exams and hostel life","CU: exam timetable (hook text) | CU: sticky note with Kabir doha on the monitor | Talking head: reads the doha, explains in one line | Top shot: one mala before opening books | End: closes eyes, opens book","""Dukh mein sumiran sab kare, sukh mein kare na koy. Jo sukh mein sumiran kare, dukh kahe ko hoy."" Everyone prays when things go wrong. Kabir says pray when they’re fine too. So: one mala before I study. Every day, not just exam week.",Top shot of one mala completing before the books open.,
D46,2026-11-26,Thu,7,App demonstration,motion,en,Make it yours: themes,"Your mala, your colours.",,chimes,out/calendar/D46_2026-11-26_themes_falling_mantra.mp4,12.6,"Your mala, your colours. / 13 themes. Falling mantra. / Make your sadhana feel like yours.","13 themes, bead mala or progress ring, and the falling mantra: your mantra drifts down with every bead.",#themes #naamjaap #japamala #mantra #bhakti #sadhana #108,,,,,
D47,2026-11-27,Fri,7,Mantra-specific,motion,en,The Maha Mantra: 16 words,16 words. 32 syllables. One Maha Mantra.,,temple,out/calendar/D47_2026-11-27_maha_mantra_16.mp4,22.0,"16 words. 32 syllables. / हरे कृष्ण हरे कृष्ण कृष्ण कृष्ण हरे हरे हरे राम हरे राम राम राम हरे हरे / Humbler than a blade of grass, more tolerant than a tree: chant the holy name always. / 16 rounds? We count them all. / Hare Krishna.","The Hare Krishna Maha Mantra, from the Kali-Santarana Upanishad, as Chaitanya Mahaprabhu taught: chant humbly, always.",#harekrishna #mahamantra #chaitanya #naamjaap #japamala #mantra #bhakti #sadhana #108,,,,,
D48,2026-11-28,Sat,7,Spiritual/emotional,ugc,hi,My puja corner tour,1BHK में भी मंदिर बन सकता है। मेरा पूजा कोना देखिए।,,temple,,20–30s,,"जगह छोटी, भाव बड़ा। आपका पूजा कोना कैसा है? फ़ोटो कमेंट करें।",#पूजाघर #मंदिर #नामजप #जपमाला #भक्ति #साधना #राधेराधे #naamjaap,"Priya type: new mother, late 20s, Ahmedabad, Gujarati + Hindi","WS: छोटा फ़्लैट (हुक) | CU: लकड़ी का शेल्फ़-मंदिर, मूर्तियाँ | CU: आसन, माला, दीया | CU: स्टैंड पर फ़ोन, जापमित्र खुला | WS: दीया जलाकर बैठना","घर छोटा है, पर यह कोना मेरा सबसे बड़ा कमरा है। आसन, दीया, ठाकुर जी, और मेरी गिनती वाला फ़ोन।","स्टैंड पर रखा फ़ोन, सेटअप का हिस्सा।",
D49,2026-11-29,Sun,7,Hook/curiosity,motion,hi,"Lost in counting, where is the jaap?","गिनती में उलझे रहे, तो जप कहाँ गया?",,om,out/calendar/D49_2026-11-29_ginti_me_ulajhe.mp4,19.8,"गिनती में उलझे, तो जप कहाँ गया? / दुख में सुमिरन सब करे, सुख में करे न कोय। जो सुख में सुमिरन करे, दुख काहे को होय॥ / आज, बिना किसी वजह, एक माला। / गिनती हम करेंगे। / सुख में भी सुमिरन।","कबीर कहते हैं, दुख में सब याद करते हैं, सुख में कोई नहीं। आज, बिना वजह, एक माला।",#कबीर #संतवाणी #नामजप #जपमाला #भक्ति #साधना #राधेराधे #naamjaap,,,,,
D50,2026-11-30,Mon,8,Daily Jaap habit,motion,hi,Why the same time every day?,रोज़ एक ही समय पर जप क्यों?,,temple,out/calendar/D50_2026-11-30_roz_ek_samay.mp4,18.8,"रोज़ एक ही समय पर जप क्यों? / परंपरा कहती है / मन को समय की आदत पड़ जाती है। / रोज़ की याद, रोज़ की लय। / आपका समय कौन-सा है?","ब्रह्म मुहूर्त, सूर्योदय से लगभग डेढ़ घंटा पहले। पर सबसे अच्छा समय वो है जो रोज़ निभे।",#ब्रह्ममुहूर्त #नामजप #जपमाला #भक्ति #साधना #राधेराधे #naamjaap,,,,,
D51,2026-12-01,Tue,8,Hook/curiosity,motion,en,"Say it once, then chant 108",Say your intention once. Then chant 108 times.,,bowl,out/calendar/D51_2026-12-01_say_it_once.mp4,17.8,Say your intention once. Then chant 108 times. / Don't repeat the wish. Repeat the Name. / 21 / Take a Sankalp. / Say it once. Chant it daily.,"A Sankalp is not wishing, it is intention plus practice. Say it once, then let the mantra carry it.",#manifest #intention #sankalp #naamjaap #japamala #mantra #bhakti #sadhana #108,,,,,Manifestation framing: focus/intention only.
D52,2026-12-02,Wed,8,Daily Jaap habit,ugc,en,Day 1 vs Day 40 of my sankalp,Day 1 vs Day 40 of my Sankalp.,,temple,,20–30s,,"Day 1: fidgeting, checking the count. Day 40: I forgot the phone was there.",#40days #sankalp #naamjaap #japamala #mantra #bhakti #sadhana #108,"Swati type: mid-30s yoga/meditation teacher, Bengaluru/Rishikesh, English","Split screen: Day 1 left, Day 40 right (hook) | Day 1: fidgety, peeking at the count | Day 40: still, eyes closed, steady taps | CU: Sankalp screen Day 40/40 complete | End: one line to camera","Day 1, I kept checking the count. Day 40, I forgot the phone was even there. That’s the whole point.","The Sankalp ""Day 40 / 40, complete"" screen as the reveal.",
D53,2026-12-03,Thu,8,App demonstration,motion,hi,Chant with calming music,"संगीत के साथ जप, और अपनी आवाज़ में भी।",,bowl,out/calendar/D53_2026-12-03_sangeet_ke_saath.mp4,15.2,"संगीत के साथ जप करें। / शांत ध्वनियाँ, या अपनी रिकॉर्डिंग। / जाप करें, साँस लें, शांत रहें। / हर मनके में शांति।","शांत ध्वनियाँ चलाएँ, या अपनी रिकॉर्डिंग। संगीत बजते समय स्क्रीन चालू रहती है।",#संगीत #शांति #नामजप #जपमाला #भक्ति #साधना #राधेराधे #naamjaap,,,,,
D54,2026-12-04,Fri,8,Family/older audience,ugc,hi,Mum's 10 minutes before everyone wakes,"घर जागने से पहले, माँ के 10 मिनट।",,temple,,20–30s,,"माँ सबसे पहले उठती हैं, और ये 10 मिनट सिर्फ़ उनके हैं।",#माँ #सुबह #नामजप #जपमाला #भक्ति #साधना #राधेराधे #naamjaap,"Sharma family type: three generations, Jaipur, Hindi, joint-family home (mother, 40s, filmed by her child)","सोते हुए घर का WS (हुक) | माँ चुपचाप बालकनी में आसन बिछाती हैं | CU: फ़ोन पर टैप, तुलसी के पास | चाय चढ़ाने से पहले 108 पूरा | बच्चे की आवाज़: ""मम्मी, चाय!"" माँ मुस्कुराती हैं","(टेक्स्ट) सबके उठने से पहले, माँ के 10 मिनट। (अंत में बच्चे की आवाज़) ""मम्मी, चाय!""",तुलसी के पास फ़ोन पर 108 पूरा होना।,
D55,2026-12-05,Sat,8,Hook/curiosity,ugc,hi,"Choosing a mala: rudraksha, tulsi, sandalwood","रुद्राक्ष, तुलसी या चंदन, आपके लिए कौन-सी माला?",,temple,,30–40s,,परंपरा में अलग देवताओं के लिए अलग मालाएँ बताई जाती हैं। आपकी कौन-सी है?,#रुद्राक्ष #तुलसीमाला #चंदन #नामजप #जपमाला #भक्ति #साधना #राधेराधे #naamjaap,"Braj couple type: young Krishna-devotee couple, Vrindavan/Mathura, Hindi, kirtan and seva","तीनों मालाएँ फ्रेम में (हुक) | CU: रुद्राक्ष, ""शिव भक्त अक्सर…"" | CU: तुलसी, ""विष्णु/कृष्ण भक्त…"" | CU: चंदन, ""शीतलता, किसी भी देवता…"" | End: ""और यात्रा में? फ़ोन।"" (फ़ोन पर टैप)","रुद्राक्ष, अक्सर शिव भक्त। तुलसी, विष्णु और कृष्ण भक्त। चंदन, शीतल, सबके लिए। और जब माला साथ न हो? ये।","अंतिम पंचलाइन में फ़ोन, हल्का-फुल्का।",
D56,2026-12-06,Sun,8,Spiritual/emotional,motion,en,Gita 6.35: practice,Krishna admits the mind is restless. Then he gives the fix.,,om,out/calendar/D56_2026-12-06_gita_abhyasa.mp4,20.0,"Even Krishna said the mind is restless. / Undoubtedly the mind is restless and hard to control, but by practice and detachment it is held. / Abhyasa / Practice, counted. / Every day, a little steadier.","Bhagavad Gita 6.35: the mind is restless, but it is steadied by practice (abhyasa) and detachment.",#bhagavadgita #krishna #abhyasa #naamjaap #japamala #mantra #bhakti #sadhana #108,,,,,
D57,2026-12-07,Mon,9,Daily Jaap habit,motion,en,Missed a day? Don't restart,Missed a day? Do not restart from zero.,,bowl,out/calendar/D57_2026-12-07_missed_a_day.mp4,14.8,Missed a day? Don’t restart from zero. / Guilt breaks more habits than missed days do. / Grace days keep your streak alive. / Just come back today.,"Every 7 days in a row earns a grace day (up to 2). Miss one, and your streak stays.",#streak #gracedays #naamjaap #japamala #mantra #bhakti #sadhana #108,,,,,
D58,2026-12-08,Tue,9,Hook/curiosity,motion,en,POV: lost count at 67,POV: you lost count at 67. Again.,,temple,out/calendar/D58_2026-12-08_pov_lost_at_67.mp4,14.8,POV: you lost count at 67. Again. / Was it 67… or 76? / Tap anywhere. It remembers. / Never start over again.,Was it 67 or 76? We have all been there. Tap anywhere and let the count take care of itself.,#pov #relatable #naamjaap #japamala #mantra #bhakti #sadhana #108,,,,,
D59,2026-12-09,Wed,9,Spiritual/emotional,ugc,en,Chanting under the stars,Winter night. Terrace. 108 names under the stars.,,temple,,15–20s,,"The city sleeps, the stars are out, and it is just you and the Name.",#winter #nightsky #naamjaap #japamala #mantra #bhakti #sadhana #108,"Ananya type: 20s woman, Delhi, Hindi + English, aesthetic puja-corner and morning-routine creator","Wide: night sky, city lights (hook) | CU: shawl, breath visible | CU: Blackout phone in lap | Timelapse stars (if possible) | End: ""108 · done"" text",(Text only.),Blackout screen: the dim count is the only light.,
D60,2026-12-10,Thu,9,App demonstration,motion,en,Any mala size,"108, 54, 27, or your own number.",,chimes,out/calendar/D60_2026-12-10_mala_size_108_54_27.mp4,15.2,"108? 54? 27? Your number. / Set any mala size. / Short on time? A half mala still counts. / Your practice, your count.","Set any mala size: 108, 54, 27, or a custom count for your practice.",#malasize #naamjaap #japamala #mantra #bhakti #sadhana #108,,,,,
D61,2026-12-11,Fri,9,Mantra-specific,motion,hi,Mahamrityunjaya mantra,महामृत्युंजय मंत्र: अर्थ के साथ।,,om,out/calendar/D61_2026-12-11_mahamrityunjaya.mp4,17.6,"महामृत्युंजय मंत्र, अर्थ के साथ। / ॐ त्र्यम्बकं यजामहे सुगन्धिं पुष्टिवर्धनम्। उर्वारुकमिव बन्धनान्मृत्योर्मुक्षीय मामृतात्॥ / अर्थ समझें, फिर 108 बार। / हर हर महादेव।","ऋग्वेद का महामृत्युंजय मंत्र, शिव से मंगल और रक्षा की प्रार्थना। अर्थ समझकर जप करें।",#महामृत्युंजय #शिव #हरहरमहादेव #नामजप #जपमाला #भक्ति #साधना #राधेराधे #naamjaap,,,,,"No health claims; ""मंगल और रक्षा की प्रार्थना"" only."
D62,2026-12-12,Sat,9,Daily Jaap habit,ugc,hi,Five minutes on an office break,ऑफ़िस ब्रेक में सब फ़ोन चलाते हैं। मैं भी… पर ऐसे।,,temple,,15–25s,,"चाय ब्रेक = जप ब्रेक। 5 मिनट, आधी माला, पूरा फ़र्क।",#ऑफिसलाइफ #worklife #नामजप #जपमाला #भक्ति #साधना #राधेराधे #naamjaap,"Rohit type: early-30s working professional, Mumbai, Hinglish, commute/office life","दोस्त सोशल मीडिया स्क्रॉल कर रहे (हुक) | CU: मेरे फ़ोन पर भी… जापमित्र | सीढ़ी पर बैठकर 54 मनके | बॉस का मैसेज आता है, शांति से उठना | End text",(टेक्स्ट) सब ब्रेक में फ़ोन चलाते हैं। मैं भी। बस थोड़ा अलग।,स्क्रॉल बनाम टैप का कंट्रास्ट ही हुक है।,
D63,2026-12-13,Sun,9,Daily Jaap habit,motion,hi,40-day sankalp: Day 1,"40 दिन का संकल्प, आज दिन 1।",,temple,out/calendar/D63_2026-12-13_sankalp_40_din_1.mp4,15.0,"40 दिन का संकल्प। आज दिन 1। / रोज़ 10 माला / हर दिन की गिनती साथ। / कौन साथ है? ""दिन 1"" लिखें।","40 दिन, रोज़ 10 माला। आज पहला दिन। कौन साथ है? कमेंट में ""दिन 1"" लिखें।",#40दिन #संकल्प #नामजप #जपमाला #भक्ति #साधना #राधेराधे #naamjaap,,,,,
D64,2026-12-14,Mon,10,Hook/curiosity,motion,hi,Sleepy during jaap? 3 kinds of japa,जप करते समय नींद आती है?,,bowl,out/calendar/D64_2026-12-14_jap_me_neend.mp4,18.6,"जप करते समय नींद आती है? / जप के तीन प्रकार / नींद आए तो वाचिक से शुरू करें। / बैठें सीधे, टैप करते रहें। / आप कौन-सा जप करते हैं?","परंपरा में जप के तीन प्रकार बताए गए हैं: वाचिक, उपांशु, मानसिक। नींद आए तो वाचिक से शुरू करें।",#जप #वाचिक #मानसिक #नामजप #जपमाला #भक्ति #साधना #राधेराधे #naamjaap,,,,,
D65,2026-12-15,Tue,10,Family/older audience,ugc,en,Teaching my 6-year-old her first mantra,Teaching my 6-year-old her first mantra.,,temple,,25–35s,,She thinks it is a game. I think it is a blessing. Both are true.,#parenting #kids #naamjaap #japamala #mantra #bhakti #sadhana #108,"Meenakshi type: mother in her 40s, Chennai, Tamil + English, home and family + daughter (6)","CU: little hands folded (hook) | Mother says ""Om Namah Shivaya"", child repeats | CU: child taps phone, beads light up, giggles | Child: ""Amma, 10 more!"" | End: both bow",She thinks it’s a game. Every tap lights a bead. I think it’s a blessing. Maybe it’s both.,Child’s reaction to beads lighting up.,
D66,2026-12-16,Wed,10,Spiritual/emotional,ugc,en,My grandmother's 50-year habit,My grandmother has chanted every single morning for 50 years.,,temple,,30–45s,,"50 years, every morning. I asked her what kept her going. Her answer stayed with me.",#grandmother #wisdom #naamjaap #japamala #mantra #bhakti #sadhana #108,"Kamla Devi type: grandmother, 65–75, Varanasi or Prayagraj, Hindi, warm and unscripted","CU: wrinkled hands with mala (hook text) | Grandchild off-camera: ""Nani, why every day?"" | Talking head (Hindi, subtitled): her answer | B-roll: her chanting | End: grandchild chanting beside her with phone","Nani (subtitled): ""Jis din nahi karti, us din kuch adhoora lagta hai. Naam se din poora hota hai."" (""The day I skip feels incomplete. The Name completes the day."")","Final shot: two generations, mala and phone side by side.",
D67,2026-12-17,Thu,10,App demonstration,motion,hi,Home-screen widget,ऐप खोले बिना आज का जाप देखें।,,chimes,out/calendar/D67_2026-12-17_home_widget.mp4,11.6,"ऐप खोले बिना आज का जाप? / होम स्क्रीन विजेट। एक नज़र में लय। / हर बार फ़ोन देखें, नाम याद आए।","होम स्क्रीन विजेट: आज की गिनती और आपकी लय, एक नज़र में।",#विजेट #नामजप #जपमाला #भक्ति #साधना #राधेराधे #naamjaap,,,,,
D68,2026-12-18,Fri,10,Mantra-specific,motion,en,Dhruva's mantra,The mantra a 5-year-old chanted until God appeared.,,conch,out/calendar/D68_2026-12-18_dhruva_mantra.mp4,19.4,"The mantra a 5-year-old chanted until God appeared. / Dhruva, from the Bhagavata Purana. / ॐ नमो भगवते वासुदेवाय / 12 syllables, 108 times. / Devotion has no age.","In the Bhagavata, sage Narada gives young Dhruva the twelve-syllable mantra: Om Namo Bhagavate Vasudevaya.",#dhruva #vishnu #bhagavatam #naamjaap #japamala #mantra #bhakti #sadhana #108,,,,,
D69,2026-12-19,Sat,10,Spiritual/emotional,motion,hi,"Gita Jayanti: karma, not fruit",कर्मण्येवाधिकारस्ते मा फलेषु कदाचन।,Gita Jayanti (19 or 20 Dec: confirm with Panchang),conch,out/calendar/D69_2026-12-19_gita_jayanti_2_47.mp4,20.0,गीता जयंती पर एक श्लोक। / कर्मण्येवाधिकारस्ते मा फलेषु कदाचन। / जप करें। गिनती और फल छोड़ दें। / गिनती हम पर। / जय श्री कृष्ण।,"गीता जयंती की शुभकामनाएँ। कर्म पर अधिकार है, फल पर नहीं। जप करें, गिनती और फल छोड़ दें।",#गीताजयंती #भगवद्गीता #कृष्ण #नामजप #जपमाला #भक्ति #साधना #राधेराधे #naamjaap,,,,,
D70,2026-12-20,Sun,10,Spiritual/emotional,ugc,hi,18 malas for 18 chapters,"गीता के 18 अध्याय, 18 माला।",Gita Jayanti weekend,temple,,25–35s,,गीता जयंती पर मेरा छोटा-सा संकल्प: हर अध्याय के लिए एक माला।,#गीताजयंती #18अध्याय #नामजप #जपमाला #भक्ति #साधना #राधेराधे #naamjaap,"Braj couple type: young Krishna-devotee couple, Vrindavan/Mathura, Hindi, kirtan and seva",गीता खोलना (हुक) | हर अध्याय का नाम तेज़ कट्स में | फ़ोन पर माला गिनती 1/18… 18/18 | प्रगति स्क्रीन | प्रणाम,"गीता जयंती पर मेरा संकल्प: 18 अध्याय, 18 माला। अध्याय पढ़ा, फिर एक माला।",माला की गिनती 18 तक पहुँचना।,
D71,2026-12-21,Mon,11,Daily Jaap habit,motion,en,"Longest night, longest chant",Tonight is the longest night of the year.,Winter solstice 21 Dec,night,out/calendar/D71_2026-12-21_longest_night.mp4,17.6,"Tonight is the longest night of the year. / More darkness, more room for the Name. / 3 / Blackout mode for the long night. / Let the night be long.",Winter solstice: the longest night. Try 3 malas tonight instead of 1.,#wintersolstice #night #naamjaap #japamala #mantra #bhakti #sadhana #108,,,,,
D72,2026-12-22,Tue,11,Hook/curiosity,motion,en,You unlock your phone dozens of times a day,You unlock your phone dozens of times a day. Let it help once.,,bowl,out/calendar/D72_2026-12-22_unlock_phone.mp4,14.2,You unlock your phone dozens of times a day. / Let one of those be for the Name. / Same phone. Different purpose. / One unlock for God.,"Same phone, different purpose. One unlock a day, for the Name.",#screentime #digitaldetox #naamjaap #japamala #mantra #bhakti #sadhana #108,,,,,
D73,2026-12-23,Wed,11,Spiritual/emotional,ugc,en,Sunrise jaap by the river,"Sunrise, a river, and 108 names.",,temple,,15–20s,,"If you can, take your jaap outside once. It changes everything.",#sunrise #ghats #naamjaap #japamala #mantra #bhakti #sadhana #108,"Swati type: mid-30s yoga/meditation teacher, Bengaluru/Rishikesh, English (or Varanasi/Rishikesh creator)","Wide sunrise over water (hook) | Walking down ghat steps | Sitting, phone on cloth, tapping | Bell from a nearby temple | End text over sun",(Text only.),"Phone on folded cloth, counter visible.",
D74,2026-12-24,Thu,11,App demonstration,motion,en,Take a Sankalp,"An 11, 21 or 40-day vow, tracked day by day.",,temple,out/calendar/D74_2026-12-24_take_a_sankalp_demo.mp4,14.0,"A vow is easier when you can see it. / 11, 21 or 40 days. Every day tracked. / Take a Sankalp. Keep it.","Pick a Sankalp, set a daily goal, and watch each day fill in.",#sankalp #naamjaap #japamala #mantra #bhakti #sadhana #108,,,,,
D75,2026-12-25,Fri,11,Family/older audience,ugc,hi,The whole family chants together,"छुट्टियों में पूरा परिवार, एक साथ 108।",,temple,,25–35s,,"तीन पीढ़ियाँ, एक कमरा, एक मंत्र। आपके परिवार में सबसे ज़्यादा जप कौन करता है?",#परिवार #सर्दीकीछुट्टियाँ #नामजप #जपमाला #भक्ति #साधना #राधेराधे #naamjaap,"Sharma family type: three generations, Jaipur, Hindi, joint-family home","ऊपर से सर्कल का शॉट (हुक) | दादा माला पर, बच्चे फ़ोन पर, माँ ताली के साथ | तेज़ कट्स: हर व्यक्ति का चेहरा | सब एक साथ ""राधे राधे"" पर ख़त्म | हँसी, प्रसाद",(टेक्स्ट + प्राकृतिक आवाज़),"बच्चों के फ़ोन पर गिनती, दादा की माला के साथ।",
D76,2026-12-26,Sat,11,App demonstration,ugc,en,How many malas I chanted in 2026,I counted every mala I chanted in 2026. Here is the number.,,temple,,20–30s,,Year-end reflection: the yearly chart does not lie. What would your number be?,#yearinreview #2026 #naamjaap #japamala #mantra #bhakti #sadhana #108,"Ananya type: 20s woman, Delhi, Hindi + English, aesthetic puja-corner and morning-routine creator","Hook text + hand covering phone screen | Reveal yearly chart on progress screen | Talking head: best month, hardest month | One lesson learned | End: ""Next year: ___"" written in journal",I counted every mala I chanted this year. Best month: Kartik. Hardest: June. One lesson: consistency beats intensity.,Yearly chart reveal is the hook payoff.,
D77,2026-12-27,Sun,11,App demonstration,motion,hi,Radhe Radhe: falling mantra,"वृंदावन में हर अभिवादन ""राधे राधे"" क्यों?",,chimes,out/calendar/D77_2026-12-27_radhe_radhe_falling.mp4,15.2,"वृंदावन में हर अभिवादन ""राधे राधे"" क्यों? / क्योंकि वहाँ हर बात राधा जी से शुरू होती है। / हर टैप के साथ राधे राधे। / राधे राधे।","वृंदावन में ""राधे राधे"" ही नमस्ते है। आपके हर टैप के साथ ""राधे राधे"" धीरे से गिरता है।",#राधेराधे #वृंदावन #radheradhe #नामजप #जपमाला #भक्ति #साधना #राधेराधे #naamjaap,,,,,
D78,2026-12-28,Mon,12,Daily Jaap habit,motion,hi,"New Year resolution: jaap, not gym","नए साल का संकल्प: जिम नहीं, जप।",,temple,out/calendar/D78_2026-12-28_naye_saal_jap.mp4,18.6,"नए साल का संकल्प: जिम नहीं, जप। / जिम फ़रवरी तक, जप साल भर। / बस रोज़ एक माला / 1 जनवरी से दिन 1। / जिम भी करें, जप भी करें।",जिम की मेंबरशिप फ़रवरी तक चलती है। जप की लय साल भर चल सकती है।,#नयासाल #संकल्प #2027 #नामजप #जपमाला #भक्ति #साधना #राधेराधे #naamjaap,,,,,
D79,2026-12-29,Tue,12,Hook/curiosity,motion,en,Manifesting 2027?,Manifesting 2027? Start with one Sankalp.,,bowl,out/calendar/D79_2026-12-29_manifesting_2027.mp4,19.4,Manifesting 2027? Start with one Sankalp. / Your 2027 Sankalp / A focused mind moves mountains. / 40 days to begin. / Write your Sankalp below.,"Before the vision board: one intention, one mantra, every day. Write your 2027 Sankalp below.",#2027 #manifestation #newyear #naamjaap #japamala #mantra #bhakti #sadhana #108,,,,,Intention/focus framing; no guaranteed outcomes.
D80,2026-12-30,Wed,12,Spiritual/emotional,ugc,hi,What jaap taught me in 2026,2026 में नाम जप ने मुझे क्या सिखाया।,,temple,,25–35s,,"साल के अंत में, तीन सीखें। आपकी सबसे बड़ी सीख क्या रही?",#2026 #सीख #नामजप #जपमाला #भक्ति #साधना #राधेराधे #naamjaap,"Ananya type: 20s woman, Delhi, Hindi + English, aesthetic puja-corner and morning-routine creator","डायरी में ""2026"" (हुक) | टॉकिंग हेड: तीन सीखें | B-roll: साल भर के जप के छोटे क्लिप | प्रगति स्क्रीन (वार्षिक) | अंत: मुस्कान","पहली सीख: कम ही सही, रोज़। दूसरी: मन भटके, तो लौट आओ। तीसरी: गिनती की चिंता छोड़ो, नाम पकड़ो।","वार्षिक चार्ट, 2 सेकंड।",
D81,2026-12-31,Thu,12,App demonstration,motion,en,Your year in malas,"Your 2026, counted in malas.",,chimes,out/calendar/D81_2026-12-31_year_in_malas.mp4,12.0,"Your 2026, counted in malas. / Every mala, every day. / See you in 2027. Same time, same Naam.","Daily, weekly, monthly, yearly: every mala you chanted, in one place.",#yearinreview #naamjaap #japamala #mantra #bhakti #sadhana #108,,,,,
D82,2027-01-01,Fri,12,Spiritual/emotional,motion,en,First mala of 2027,The first mala of the year.,New Year 1 Jan,temple,out/calendar/D82_2027-01-01_first_mala_2027.mp4,14.2,The first mala of the year. / Begin the year the way you want to live it. / 108 to begin. / Happy New Year. Ram Ram.,Begin the year the way you want to live it. First mala of 2027. Ram Ram.,#newyear2027 #firstmala #naamjaap #japamala #mantra #bhakti #sadhana #108,,,,,
D83,2027-01-02,Sat,12,Family/older audience,ugc,en,Dad's first Sankalp,My dad has never kept a New Year resolution. This year he took a Sankalp.,,temple,,25–35s,,Day 2 of Papa’s 40-day Sankalp. We are all watching (and cheering).,#dad #newyear #naamjaap #japamala #mantra #bhakti #sadhana #108,"Sharma family type: three generations, Jaipur, Hindi, joint-family home (father 50s–60s, filmed by son/daughter)","Hook text over Dad reading paper | Child sets up Sankalp on his phone | Dad picks 40 days, a bit unsure | Day 2: Dad shows the screen proudly | End: family cheering","Child: ""Papa, 40 days?"" Dad: ""Arre, 40 kya, 41 karunga."" (Day 2) Dad: ""Dekho, Day 2!""","The Sankalp ""Day 2 / 40"" screen in Dad’s hands.",
D84,2027-01-03,Sun,12,Hook/curiosity,motion,hi,Counting on your fingers (kar-mala),"माला न हो, तो उँगलियों पर कैसे गिनें?",,temple,out/calendar/D84_2027-01-03_kar_mala.mp4,18.6,"माला न हो, तो कैसे गिनें? / परंपरा में इसे ""कर-माला"" कहते हैं। / कर-माला / या बस, कहीं भी टैप। / आप कैसे गिनते हैं?","परंपरा में उँगलियों के पोरों पर गिनने की विधि ""कर-माला"" कहलाती है। और फ़ोन हो, तो बस टैप।",#करमाला #जपविधि #नामजप #जपमाला #भक्ति #साधना #राधेराधे #naamjaap,,,,,Kar-mala methods differ by tradition; keep it general.
D85,2027-01-04,Mon,13,Daily Jaap habit,motion,en,Week 1 of your 2027 Sankalp,Week 1 of your 2027 Sankalp. Still going?,,bowl,out/calendar/D85_2027-01-04_week1_2027.mp4,18.6,"Week 1 of 2027. Still going? / Your 40-day Sankalp / This is where resolutions fade, and Sankalps take root. / 33 days to go. / Keep going.","Seven days in. This is where most resolutions fade, and where Sankalps take root.",#2027 #sankalp #week1 #naamjaap #japamala #mantra #bhakti #sadhana #108,,,,,
D86,2027-01-05,Tue,13,Hook/curiosity,motion,en,Manasik japa,The quietest japa is said to be the most powerful.,,night,out/calendar/D86_2027-01-05_manasik_japa.mp4,18.8,"The quietest japa is said to be the most powerful. / Tradition ranks them / No sound. No movement. Only Naam. / Silent screen, silent japa. / Try 1 mala in silence today.","Tradition ranks japa: spoken (vachika), whispered (upamshu), mental (manasika). The silent one is said to go deepest.",#manasikjapa #silence #naamjaap #japamala #mantra #bhakti #sadhana #108,,,,,
D87,2027-01-06,Wed,13,Spiritual/emotional,ugc,en,"Cold morning, warm chai, one mala",Cold morning. Warm chai. One mala.,,temple,,15–20s,,"Winter sadhana ASMR. No talking, just the sounds.",#asmr #winter #chai #naamjaap #japamala #mantra #bhakti #sadhana #108,"Priya type: new mother, late 20s, Ahmedabad, Gujarati + Hindi","CU: chai boiling (hook text) | CU: pouring, steam | CU: wrapped hands around glass | Top: phone tapping beside chai | End: sip, eyes closed",(No VO. ASMR only.),Tap sounds + haptics are part of the ASMR.,
D88,2027-01-07,Thu,13,App demonstration,motion,hi,"21 mantras, or your own (Hindi)","21 पवित्र मंत्र, या अपना।",,chimes,out/calendar/D88_2027-01-07_21_mantra_hindi.mp4,16.6,"21 पवित्र मंत्र, या अपना। / राम से वाहेगुरु तक, सब एक जगह। / या अपना मंत्र, किसी भी लिपि में। / आपका मंत्र, आपका तरीका।","राम, राधा, शिव, हनुमान, कृष्ण, गायत्री, वाहेगुरु… या अपना मंत्र, किसी भी लिपि में।",#मंत्र #नामजप #जपमाला #भक्ति #साधना #राधेराधे #naamjaap,,,,,
D89,2027-01-08,Fri,13,Mantra-specific,motion,en,Gayatri Mantra,"The Gayatri Mantra, with meaning.",,om,out/calendar/D89_2027-01-08_gayatri_mantra.mp4,20.6,"The Gayatri Mantra, with meaning. / ॐ भूर्भुवः स्वः तत्सवितुर्वरेण्यं भर्गो देवस्य धीमहि धियो यो नः प्रचोदयात्॥ / Traditionally chanted at sunrise and sunset. / 108 at sunrise. / Om Shanti.","From the Rig Veda (3.62.10), traditionally chanted at sunrise and sunset: a prayer for an illumined mind.",#gayatrimantra #rigveda #sunrise #naamjaap #japamala #mantra #bhakti #sadhana #108,,,,,
D90,2027-01-09,Sat,13,Daily Jaap habit,ugc,hi,40 days complete,40 दिन पूरे हुए। सच में।,,temple,,20–30s,,"40 दिन, 400 माला, एक भी दिन नहीं छूटा (एक छूट का दिन लगा 😅)। आपका अगला संकल्प?",#40दिन #संकल्पपूर्ण #नामजप #जपमाला #भक्ति #साधना #राधेराधे #naamjaap,"Rohit type: early-30s working professional, Mumbai, Hinglish, commute/office life","संकल्प स्क्रीन ""40/40 पूर्ण"" (हुक) | दिन 1 का पुराना क्लिप | तेज़ मोंटाज: अलग-अलग जगहें, एक टैप | मिठाई बाँटना | कैमरे से: ""अगला संकल्प: 21 दिन, परिवार के साथ""","40 दिन पूरे हुए। सच में। ट्रेन में, ऑफ़िस में, बीमारी में भी। एक दिन छूटा, पर लय नहीं टूटी। अगला संकल्प: परिवार के साथ।",संकल्प पूर्ण स्क्रीन ही ओपनिंग शॉट।,
D91,2027-01-10,Sun,13,Spiritual/emotional,motion,hi,90 days later: Meera,90 दिन पहले आपने क्या सोचा था?,,temple,out/calendar/D91_2027-01-10_90_din_baad_meera.mp4,16.0,90 दिन पहले आपने क्या सोचा था? / 90 दिन / पायो जी मैंने राम रतन धन पायो। / आपने क्या पाया?,"मीरा कहती हैं: पायो जी मैंने राम रतन धन पायो। 90 दिन बाद, आपने क्या पाया?",#मीराबाई #संतवाणी #90दिन #नामजप #जपमाला #भक्ति #साधना #राधेराधे #naamjaap,,,,,
